County,Max 8-Hour O3
Cook,0.028999999999999998
Cook,0.02
Cook,0.016
Cook,0.018000000000000002
Cook,0.024
Cook,0.035
Cook,0.024
Cook,0.027999999999999997
Cook,0.026000000000000002
Cook,0.026000000000000002
Cook,0.017
Cook,0.032
Cook,0.04
Cook,0.031
Cook,0.025
Cook,0.037000000000000005
Cook,0.018000000000000002
Cook,0.039
Cook,0.038
Cook,0.035
Cook,0.033
Cook,0.017
Cook,0.026000000000000002
Cook,0.032
Cook,0.031
Cook,0.027000000000000003
Cook,0.033
Cook,0.033
Cook,0.034
Cook,0.021
Cook,0.027000000000000003
Cook,0.025
Cook,0.024
Cook,0.023
Cook,0.021
Cook,0.032
Cook,0.026000000000000002
Cook,0.034
Cook,0.035
Cook,0.032
Cook,0.02
Cook,0.027000000000000003
Cook,0.039
Cook,0.039
Cook,0.034
Cook,0.033
Cook,0.040999999999999995
Cook,0.036000000000000004
Cook,0.036000000000000004
Cook,0.037000000000000005
Cook,0.040999999999999995
Cook,0.048
Cook,0.055999999999999994
Cook,0.033
Cook,0.049
Cook,0.035
Cook,0.037000000000000005
Cook,0.03
Cook,0.043
Cook,0.051
Cook,0.039
Cook,0.043
Cook,0.044000000000000004
Cook,0.048
Cook,0.049
Cook,0.048
Cook,0.040999999999999995
Cook,0.053
Cook,0.051
Cook,0.047
Cook,0.04
Cook,0.043
Cook,0.044000000000000004
Cook,0.048
Cook,0.05
Cook,0.049
Cook,0.051
Cook,0.035
Cook,0.04
Cook,0.048
Cook,0.046
Cook,0.044000000000000004
Cook,0.047
Cook,0.048
Cook,0.051
Cook,0.046
Cook,0.043
Cook,0.045
Cook,0.046
Cook,0.046
Cook,0.043
Cook,0.051
Cook,0.040999999999999995
Cook,0.034
Cook,0.054000000000000006
Cook,0.043
Cook,0.053
Cook,0.05
Cook,0.036000000000000004
Cook,0.040999999999999995
Cook,0.043
Cook,0.053
Cook,0.044000000000000004
Cook,0.049
Cook,0.055
Cook,0.052000000000000005
Cook,0.042
Cook,0.048
Cook,0.05
Cook,0.061
Cook,0.055999999999999994
Cook,0.047
Cook,0.046
Cook,0.057999999999999996
Cook,0.053
Cook,0.051
Cook,0.05
Cook,0.035
Cook,0.035
Cook,0.042
Cook,0.04
Cook,0.039
Cook,0.044000000000000004
Cook,0.06
Cook,0.047
Cook,0.042
Cook,0.046
Cook,0.037000000000000005
Cook,0.044000000000000004
Cook,0.047
Cook,0.047
Cook,0.047
Cook,0.052000000000000005
Cook,0.063
Cook,0.043
Cook,0.03
Cook,0.048
Cook,0.055
Cook,0.032
Cook,0.027999999999999997
Cook,0.057999999999999996
Cook,0.046
Cook,0.039
Cook,0.053
Cook,0.045
Cook,0.045
Cook,0.04
Cook,0.046
Cook,0.065
Cook,0.057999999999999996
Cook,0.053
Cook,0.042
Cook,0.036000000000000004
Cook,0.057999999999999996
Cook,0.075
Cook,0.045
Cook,0.062
Cook,0.055999999999999994
Cook,0.04
Cook,0.042
Cook,0.063
Cook,0.045
Cook,0.038
Cook,0.057
Cook,0.043
Cook,0.033
Cook,0.036000000000000004
Cook,0.059000000000000004
Cook,0.049
Cook,0.035
Cook,0.04
Cook,0.05
Cook,0.048
Cook,0.043
Cook,0.055
Cook,0.07200000000000001
Cook,0.069
Cook,0.071
Cook,0.079
Cook,0.066
Cook,0.067
Cook,0.061
Cook,0.073
Cook,0.062
Cook,0.071
Cook,0.049
Cook,0.035
Cook,0.061
Cook,0.079
Cook,0.064
Cook,0.051
Cook,0.068
Cook,0.07200000000000001
Cook,0.067
Cook,0.044000000000000004
Cook,0.036000000000000004
Cook,0.062
Cook,0.046
Cook,0.054000000000000006
Cook,0.05
Cook,0.039
Cook,0.034
Cook,0.048
Cook,0.039
Cook,0.069
Cook,0.062
Cook,0.061
Cook,0.061
Cook,0.046
Cook,0.038
Cook,0.036000000000000004
Cook,0.052000000000000005
Cook,0.068
Cook,0.08
Cook,0.061
Cook,0.064
Cook,0.054000000000000006
Cook,0.055
Cook,0.047
Cook,0.053
Cook,0.068
Cook,0.059000000000000004
Cook,0.06
Cook,0.053
Cook,0.05
Cook,0.042
Cook,0.05
Cook,0.037000000000000005
Cook,0.049
Cook,0.057
Cook,0.04
Cook,0.046
Cook,0.037000000000000005
Cook,0.031
Cook,0.036000000000000004
Cook,0.046
Cook,0.028999999999999998
Cook,0.039
Cook,0.035
Cook,0.048
Cook,0.05
Cook,0.040999999999999995
Cook,0.046
Cook,0.047
Cook,0.034
Cook,0.027000000000000003
Cook,0.04
Cook,0.03
Cook,0.043
Cook,0.027000000000000003
Cook,0.039
Cook,0.055
Cook,0.051
Cook,0.049
Cook,0.027999999999999997
Cook,0.043
Cook,0.042
Cook,0.047
Cook,0.053
Cook,0.06
Cook,0.067
Cook,0.068
Cook,0.044000000000000004
Cook,0.040999999999999995
Cook,0.043
Cook,0.046
Cook,0.040999999999999995
Cook,0.043
Cook,0.043
Cook,0.03
Cook,0.021
Cook,0.043
Cook,0.048
Cook,0.026000000000000002
Cook,0.021
Cook,0.036000000000000004
Cook,0.034
Cook,0.04
Cook,0.034
Cook,0.043
Cook,0.049
Cook,0.036000000000000004
Cook,0.036000000000000004
Cook,0.043
Cook,0.039
Cook,0.033
Cook,0.036000000000000004
Cook,0.024
Cook,0.023
Cook,0.031
Cook,0.043
Cook,0.038
Cook,0.035
Cook,0.027999999999999997
Cook,0.028999999999999998
Cook,0.027000000000000003
Cook,0.024
Cook,0.025
Cook,0.032
Cook,0.019
Cook,0.031
Cook,0.035
Cook,0.023
Cook,0.024
Cook,0.023
Cook,0.028999999999999998
Cook,0.028999999999999998
Cook,0.027000000000000003
Cook,0.025
Cook,0.028999999999999998
Cook,0.027000000000000003
Cook,0.024
Cook,0.028999999999999998
Cook,0.031
Cook,0.03
Cook,0.024
Cook,0.021
Cook,0.026000000000000002
Cook,0.027000000000000003
Cook,0.015
Cook,0.013000000000000001
Cook,0.011000000000000001
Cook,0.013999999999999999
Cook,0.033
Cook,0.031
Cook,0.028999999999999998
Cook,0.019
Cook,0.019
Cook,0.024
Cook,0.028999999999999998
Cook,0.026000000000000002
Cook,0.02
Cook,0.01
Cook,0.024
Cook,0.023
Cook,0.024
Cook,0.027000000000000003
Cook,0.031
Cook,0.021
Cook,0.011000000000000001
Cook,0.026000000000000002
Cook,0.032
Cook,0.023
Cook,0.027000000000000003
Cook,0.028999999999999998
Cook,0.031
Cook,0.018000000000000002
Cook,0.013000000000000001
Cook,0.027000000000000003
Cook,0.025
Dallas,0.016
Dallas,0.006999999999999999
Dallas,0.017
Dallas,0.03
Dallas,0.038
Dallas,0.04
Dallas,0.037000000000000005
Dallas,0.037000000000000005
Dallas,0.037000000000000005
Dallas,0.025
Dallas,0.031
Dallas,0.026000000000000002
Dallas,0.027000000000000003
Dallas,0.021
Dallas,0.017
Dallas,0.024
Dallas,0.021
Dallas,0.022000000000000002
Dallas,0.031
Dallas,0.034
Dallas,0.040999999999999995
Dallas,0.033
Dallas,0.033
Dallas,0.038
Dallas,0.028999999999999998
Dallas,0.034
Dallas,0.040999999999999995
Dallas,0.036000000000000004
Dallas,0.033
Dallas,0.034
Dallas,0.027000000000000003
Dallas,0.028999999999999998
Dallas,0.028999999999999998
Dallas,0.03
Dallas,0.034
Dallas,0.028999999999999998
Dallas,0.027000000000000003
Dallas,0.03
Dallas,0.03
Dallas,0.028999999999999998
Dallas,0.016
Dallas,0.026000000000000002
Dallas,0.032
Dallas,0.039
Dallas,0.038
Dallas,0.034
Dallas,0.015
Dallas,0.032
Dallas,0.033
Dallas,0.026000000000000002
Dallas,0.039
Dallas,0.038
Dallas,0.026000000000000002
Dallas,0.053
Dallas,0.047
Dallas,0.043
Dallas,0.033
Dallas,0.019
Dallas,0.023
Dallas,0.02
Dallas,0.013000000000000001
Dallas,0.04
Dallas,0.039
Dallas,0.046
Dallas,0.05
Dallas,0.045
Dallas,0.04
Dallas,0.049
Dallas,0.036000000000000004
Dallas,0.039
Dallas,0.031
Dallas,0.048
Dallas,0.048
Dallas,0.047
Dallas,0.05
Dallas,0.053
Dallas,0.057
Dallas,0.059000000000000004
Dallas,0.053
Dallas,0.057999999999999996
Dallas,0.065
Dallas,0.049
Dallas,0.045
Dallas,0.048
Dallas,0.053
Dallas,0.054000000000000006
Dallas,0.055
Dallas,0.044000000000000004
Dallas,0.042
Dallas,0.048
Dallas,0.047
Dallas,0.055
Dallas,0.05
Dallas,0.047
Dallas,0.047
Dallas,0.040999999999999995
Dallas,0.027000000000000003
Dallas,0.055999999999999994
Dallas,0.065
Dallas,0.059000000000000004
Dallas,0.035
Dallas,0.046
Dallas,0.045
Dallas,0.05
Dallas,0.062
Dallas,0.051
Dallas,0.040999999999999995
Dallas,0.047
Dallas,0.047
Dallas,0.057999999999999996
Dallas,0.054000000000000006
Dallas,0.048
Dallas,0.043
Dallas,0.036000000000000004
Dallas,0.049
Dallas,0.057
Dallas,0.062
Dallas,0.045
Dallas,0.04
Dallas,0.027000000000000003
Dallas,0.047
Dallas,0.048
Dallas,0.044000000000000004
Dallas,0.051
Dallas,0.053
Dallas,0.052000000000000005
Dallas,0.04
Dallas,0.039
Dallas,0.033
Dallas,0.026000000000000002
Dallas,0.028999999999999998
Dallas,0.055999999999999994
Dallas,0.063
Dallas,0.07
Dallas,0.067
Dallas,0.062
Dallas,0.043
Dallas,0.04
Dallas,0.063
Dallas,0.039
Dallas,0.054000000000000006
Dallas,0.036000000000000004
Dallas,0.037000000000000005
Dallas,0.048
Dallas,0.039
Dallas,0.04
Dallas,0.040999999999999995
Dallas,0.033
Dallas,0.028999999999999998
Dallas,0.059000000000000004
Dallas,0.073
Dallas,0.066
Dallas,0.055999999999999994
Dallas,0.045
Dallas,0.032
Dallas,0.022000000000000002
Dallas,0.067
Dallas,0.05
Dallas,0.065
Dallas,0.049
Dallas,0.045
Dallas,0.047
Dallas,0.059000000000000004
Dallas,0.067
Dallas,0.064
Dallas,0.042
Dallas,0.045
Dallas,0.07400000000000001
Dallas,0.071
Dallas,0.044000000000000004
Dallas,0.04
Dallas,0.03
Dallas,0.025
Dallas,0.046
Dallas,0.06
Dallas,0.047
Dallas,0.032
Dallas,0.037000000000000005
Dallas,0.044000000000000004
Dallas,0.055
Dallas,0.046
Dallas,0.043
Dallas,0.037000000000000005
Dallas,0.037000000000000005
Dallas,0.032
Dallas,0.032
Dallas,0.04
Dallas,0.045
Dallas,0.042
Dallas,0.038
Dallas,0.049
Dallas,0.055
Dallas,0.055999999999999994
Dallas,0.048
Dallas,0.034
Dallas,0.063
Dallas,0.044000000000000004
Dallas,0.036000000000000004
Dallas,0.034
Dallas,0.034
Dallas,0.034
Dallas,0.037000000000000005
Dallas,0.053
Dallas,0.048
Dallas,0.062
Dallas,0.059000000000000004
Dallas,0.054000000000000006
Dallas,0.057999999999999996
Dallas,0.033
Dallas,0.04
Dallas,0.067
Dallas,0.055
Dallas,0.049
Dallas,0.063
Dallas,0.045
Dallas,0.06
Dallas,0.075
Dallas,0.069
Dallas,0.057
Dallas,0.039
Dallas,0.044000000000000004
Dallas,0.04
Dallas,0.036000000000000004
Dallas,0.043
Dallas,0.054000000000000006
Dallas,0.066
Dallas,0.065
Dallas,0.059000000000000004
Dallas,0.042
Dallas,0.034
Dallas,0.039
Dallas,0.045
Dallas,0.05
Dallas,0.039
Dallas,0.044000000000000004
Dallas,0.042
Dallas,0.047
Dallas,0.049
Dallas,0.046
Dallas,0.068
Dallas,0.057999999999999996
Dallas,0.040999999999999995
Dallas,0.048
Dallas,0.062
Dallas,0.055999999999999994
Dallas,0.055999999999999994
Dallas,0.055999999999999994
Dallas,0.079
Dallas,0.083
Dallas,0.065
Dallas,0.04
Dallas,0.047
Dallas,0.049
Dallas,0.04
Dallas,0.044000000000000004
Dallas,0.065
Dallas,0.062
Dallas,0.063
Dallas,0.054000000000000006
Dallas,0.046
Dallas,0.047
Dallas,0.026000000000000002
Dallas,0.036000000000000004
Dallas,0.045
Dallas,0.036000000000000004
Dallas,0.044000000000000004
Dallas,0.038
Dallas,0.046
Dallas,0.048
Dallas,0.044000000000000004
Dallas,0.042
Dallas,0.04
Dallas,0.031
Dallas,0.045
Dallas,0.045
Dallas,0.059000000000000004
Dallas,0.062
Dallas,0.06
Dallas,0.06
Dallas,0.044000000000000004
Dallas,0.05
Dallas,0.057
Dallas,0.036000000000000004
Dallas,0.033
Dallas,0.045
Dallas,0.051
Dallas,0.027000000000000003
Dallas,0.034
Dallas,0.037000000000000005
Dallas,0.037000000000000005
Dallas,0.044000000000000004
Dallas,0.055
Dallas,0.049
Dallas,0.040999999999999995
Dallas,0.038
Dallas,0.052000000000000005
Dallas,0.031
Dallas,0.019
Dallas,0.044000000000000004
Dallas,0.049
Dallas,0.023
Dallas,0.006999999999999999
Dallas,0.025
Dallas,0.033
Dallas,0.037000000000000005
Dallas,0.039
Dallas,0.05
Dallas,0.048
Dallas,0.011000000000000001
Dallas,0.039
Dallas,0.019
Dallas,0.021
Dallas,0.033
Dallas,0.047
Dallas,0.03
Dallas,0.031
Dallas,0.031
Dallas,0.034
Dallas,0.035
Dallas,0.045
Dallas,0.054000000000000006
Dallas,0.039
Dallas,0.046
Dallas,0.040999999999999995
Dallas,0.027000000000000003
Dallas,0.011000000000000001
Dallas,0.021
Dallas,0.043
Dallas,0.038
Dallas,0.032
Dallas,0.03
Dallas,0.022000000000000002
Dallas,0.016
Dallas,0.037000000000000005
Dallas,0.037000000000000005
Dallas,0.034
Dallas,0.039
Dallas,0.031
Dallas,0.043
Dallas,0.032
Dallas,0.03
Dallas,0.052000000000000005
Dallas,0.027999999999999997
Dallas,0.023
Dallas,0.028999999999999998
Dallas,0.031
Dallas,0.02
Dallas,0.033
Dallas,0.038
Dallas,0.03
Dallas,0.03
Dallas,0.025
Dallas,0.039
Dallas,0.025
Dallas,0.022000000000000002
Dallas,0.035
Dallas,0.033
Dallas,0.055999999999999994
Dallas,0.048
Dallas,0.025
Dallas,0.033
Dallas,0.025
Dallas,0.026000000000000002
Dallas,0.034
Harris,0.03
Harris,0.028999999999999998
Harris,0.016
Harris,0.032
Harris,0.045
Harris,0.04
Harris,0.035
Harris,0.037000000000000005
Harris,0.036000000000000004
Harris,0.039
Harris,0.048
Harris,0.031
Harris,0.031
Harris,0.028999999999999998
Harris,0.023
Harris,0.034
Harris,0.027999999999999997
Harris,0.027000000000000003
Harris,0.03
Harris,0.035
Harris,0.039
Harris,0.04
Harris,0.03
Harris,0.039
Harris,0.044000000000000004
Harris,0.04
Harris,0.046
Harris,0.048
Harris,0.038
Harris,0.036000000000000004
Harris,0.034
Harris,0.03
Harris,0.032
Harris,0.03
Harris,0.024
Harris,0.019
Harris,0.022000000000000002
Harris,0.027000000000000003
Harris,0.027000000000000003
Harris,0.027999999999999997
Harris,0.043
Harris,0.027999999999999997
Harris,0.036000000000000004
Harris,0.042
Harris,0.049
Harris,0.040999999999999995
Harris,0.026000000000000002
Harris,0.024
Harris,0.036000000000000004
Harris,0.021
Harris,0.038
Harris,0.023
Harris,0.017
Harris,0.040999999999999995
Harris,0.045
Harris,0.034
Harris,0.033
Harris,0.021
Harris,0.01
Harris,0.015
Harris,0.026000000000000002
Harris,0.027000000000000003
Harris,0.035
Harris,0.043
Harris,0.05
Harris,0.037000000000000005
Harris,0.028999999999999998
Harris,0.03
Harris,0.037000000000000005
Harris,0.026000000000000002
Harris,0.028999999999999998
Harris,0.027999999999999997
Harris,0.05
Harris,0.046
Harris,0.047
Harris,0.05
Harris,0.054000000000000006
Harris,0.06
Harris,0.077
Harris,0.066
Harris,0.07200000000000001
Harris,0.059000000000000004
Harris,0.051
Harris,0.043
Harris,0.055
Harris,0.077
Harris,0.057999999999999996
Harris,0.051
Harris,0.042
Harris,0.037000000000000005
Harris,0.04
Harris,0.057999999999999996
Harris,0.061
Harris,0.036000000000000004
Harris,0.049
Harris,0.03
Harris,0.043
Harris,0.047
Harris,0.076
Harris,0.054000000000000006
Harris,0.048
Harris,0.039
Harris,0.047
Harris,0.055
Harris,0.065
Harris,0.055999999999999994
Harris,0.04
Harris,0.049
Harris,0.053
Harris,0.069
Harris,0.062
Harris,0.057
Harris,0.046
Harris,0.039
Harris,0.053
Harris,0.076
Harris,0.066
Harris,0.055
Harris,0.034
Harris,0.044000000000000004
Harris,0.034
Harris,0.044000000000000004
Harris,0.036000000000000004
Harris,0.055999999999999994
Harris,0.066
Harris,0.064
Harris,0.053
Harris,0.028999999999999998
Harris,0.055999999999999994
Harris,0.053
Harris,0.022000000000000002
Harris,0.045
Harris,0.08
Harris,0.069
Harris,0.076
Harris,0.061
Harris,0.040999999999999995
Harris,0.03
Harris,0.038
Harris,0.025
Harris,0.026000000000000002
Harris,0.027999999999999997
Harris,0.027999999999999997
Harris,0.042
Harris,0.040999999999999995
Harris,0.052000000000000005
Harris,0.046
Harris,0.027999999999999997
Harris,0.04
Harris,0.047
Harris,0.059000000000000004
Harris,0.081
Harris,0.055
Harris,0.07200000000000001
Harris,0.043
Harris,0.023
Harris,0.068
Harris,0.059000000000000004
Harris,0.063
Harris,0.092
Harris,0.054000000000000006
Harris,0.083
Harris,0.091
Harris,0.08
Harris,0.071
Harris,0.021
Harris,0.043
Harris,0.081
Harris,0.063
Harris,0.035
Harris,0.022000000000000002
Harris,0.022000000000000002
Harris,0.025
Harris,0.027999999999999997
Harris,0.051
Harris,0.024
Harris,0.023
Harris,0.03
Harris,0.055
Harris,0.037000000000000005
Harris,0.059000000000000004
Harris,0.052000000000000005
Harris,0.033
Harris,0.03
Harris,0.024
Harris,0.033
Harris,0.061
Harris,0.052000000000000005
Harris,0.038
Harris,0.045
Harris,0.066
Harris,0.059000000000000004
Harris,0.059000000000000004
Harris,0.042
Harris,0.040999999999999995
Harris,0.028999999999999998
Harris,0.03
Harris,0.03
Harris,0.032
Harris,0.03
Harris,0.03
Harris,0.033
Harris,0.036000000000000004
Harris,0.043
Harris,0.06
Harris,0.077
Harris,0.076
Harris,0.064
Harris,0.027999999999999997
Harris,0.024
Harris,0.036000000000000004
Harris,0.055999999999999994
Harris,0.073
Harris,0.07
Harris,0.064
Harris,0.05
Harris,0.06
Harris,0.040999999999999995
Harris,0.033
Harris,0.038
Harris,0.035
Harris,0.033
Harris,0.036000000000000004
Harris,0.046
Harris,0.051
Harris,0.059000000000000004
Harris,0.107
Harris,0.068
Harris,0.028999999999999998
Harris,0.023
Harris,0.032
Harris,0.027000000000000003
Harris,0.034
Harris,0.05
Harris,0.031
Harris,0.049
Harris,0.028999999999999998
Harris,0.027999999999999997
Harris,0.035
Harris,0.049
Harris,0.07
Harris,0.054000000000000006
Harris,0.076
Harris,0.057
Harris,0.043
Harris,0.05
Harris,0.068
Harris,0.09300000000000001
Harris,0.085
Harris,0.07
Harris,0.049
Harris,0.057999999999999996
Harris,0.05
Harris,0.046
Harris,0.057999999999999996
Harris,0.069
Harris,0.065
Harris,0.057
Harris,0.039
Harris,0.039
Harris,0.035
Harris,0.031
Harris,0.04
Harris,0.043
Harris,0.035
Harris,0.042
Harris,0.065
Harris,0.053
Harris,0.073
Harris,0.034
Harris,0.045
Harris,0.043
Harris,0.035
Harris,0.046
Harris,0.055999999999999994
Harris,0.057999999999999996
Harris,0.07400000000000001
Harris,0.08199999999999999
Harris,0.055999999999999994
Harris,0.038
Harris,0.06
Harris,0.053
Harris,0.044000000000000004
Harris,0.025
Harris,0.037000000000000005
Harris,0.065
Harris,0.03
Harris,0.032
Harris,0.025
Harris,0.031
Harris,0.061
Harris,0.047
Harris,0.031
Harris,0.047
Harris,0.044000000000000004
Harris,0.047
Harris,0.045
Harris,0.018000000000000002
Harris,0.038
Harris,0.06
Harris,0.045
Harris,0.025
Harris,0.018000000000000002
Harris,0.033
Harris,0.035
Harris,0.042
Harris,0.052000000000000005
Harris,0.045
Harris,0.044000000000000004
Harris,0.055999999999999994
Harris,0.03
Harris,0.018000000000000002
Harris,0.034
Harris,0.048
Harris,0.027000000000000003
Harris,0.031
Harris,0.024
Harris,0.026000000000000002
Harris,0.039
Harris,0.042
Harris,0.052000000000000005
Harris,0.052000000000000005
Harris,0.061
Harris,0.05
Harris,0.04
Harris,0.023
Harris,0.026000000000000002
Harris,0.045
Harris,0.04
Harris,0.027999999999999997
Harris,0.04
Harris,0.033
Harris,0.027999999999999997
Harris,0.033
Harris,0.036000000000000004
Harris,0.039
Harris,0.046
Harris,0.040999999999999995
Harris,0.059000000000000004
Harris,0.043
Harris,0.048
Harris,0.048
Harris,0.025
Harris,0.036000000000000004
Harris,0.032
Harris,0.027999999999999997
Harris,0.038
Harris,0.057
Harris,0.033
Harris,0.022000000000000002
Harris,0.036000000000000004
Harris,0.039
Harris,0.04
Harris,0.025
Harris,0.026000000000000002
Harris,0.040999999999999995
Harris,0.040999999999999995
Harris,0.046
Harris,0.040999999999999995
Harris,0.037000000000000005
Harris,0.027000000000000003
Harris,0.032
Harris,0.037000000000000005
Harris,0.039
Los Angeles,0.04
Los Angeles,0.039
Los Angeles,0.036000000000000004
Los Angeles,0.027999999999999997
Los Angeles,0.038
Los Angeles,0.042
Los Angeles,0.035
Los Angeles,0.032
Los Angeles,0.032
Los Angeles,0.038
Los Angeles,0.03
Los Angeles,0.036000000000000004
Los Angeles,0.038
Los Angeles,0.034
Los Angeles,0.04
Los Angeles,0.034
Los Angeles,0.034
Los Angeles,0.039
Los Angeles,0.04
Los Angeles,0.039
Los Angeles,0.043
Los Angeles,0.042
Los Angeles,0.037000000000000005
Los Angeles,0.040999999999999995
Los Angeles,0.044000000000000004
Los Angeles,0.047
Los Angeles,0.047
Los Angeles,0.032
Los Angeles,0.043
Los Angeles,0.039
Los Angeles,0.033
Los Angeles,0.035
Los Angeles,0.044000000000000004
Los Angeles,0.04
Los Angeles,0.045
Los Angeles,0.044000000000000004
Los Angeles,0.042
Los Angeles,0.04
Los Angeles,0.048
Los Angeles,0.045
Los Angeles,0.045
Los Angeles,0.043
Los Angeles,0.037000000000000005
Los Angeles,0.039
Los Angeles,0.046
Los Angeles,0.045
Los Angeles,0.044000000000000004
Los Angeles,0.047
Los Angeles,0.043
Los Angeles,0.047
Los Angeles,0.043
Los Angeles,0.040999999999999995
Los Angeles,0.046
Los Angeles,0.05
Los Angeles,0.053
Los Angeles,0.049
Los Angeles,0.046
Los Angeles,0.046
Los Angeles,0.039
Los Angeles,0.04
Los Angeles,0.039
Los Angeles,0.04
Los Angeles,0.04
Los Angeles,0.038
Los Angeles,0.04
Los Angeles,0.045
Los Angeles,0.048
Los Angeles,0.047
Los Angeles,0.046
Los Angeles,0.046
Los Angeles,0.047
Los Angeles,0.051
Los Angeles,0.052000000000000005
Los Angeles,0.053
Los Angeles,0.057999999999999996
Los Angeles,0.061
Los Angeles,0.066
Los Angeles,0.052000000000000005
Los Angeles,0.053
Los Angeles,0.049
Los Angeles,0.052000000000000005
Los Angeles,0.049
Los Angeles,0.059000000000000004
Los Angeles,0.066
Los Angeles,0.06
Los Angeles,0.039
Los Angeles,0.049
Los Angeles,0.053
Los Angeles,0.065
Los Angeles,0.073
Los Angeles,0.064
Los Angeles,0.055
Los Angeles,0.043
Los Angeles,0.043
Los Angeles,0.040999999999999995
Los Angeles,0.055
Los Angeles,0.069
Los Angeles,0.064
Los Angeles,0.054000000000000006
Los Angeles,0.055999999999999994
Los Angeles,0.053
Los Angeles,0.052000000000000005
Los Angeles,0.061
Los Angeles,0.066
Los Angeles,0.059000000000000004
Los Angeles,0.047
Los Angeles,0.055999999999999994
Los Angeles,0.069
Los Angeles,0.069
Los Angeles,0.055
Los Angeles,0.055
Los Angeles,0.051
Los Angeles,0.057
Los Angeles,0.068
Los Angeles,0.069
Los Angeles,0.066
Los Angeles,0.054000000000000006
Los Angeles,0.055
Los Angeles,0.040999999999999995
Los Angeles,0.049
Los Angeles,0.054000000000000006
Los Angeles,0.065
Los Angeles,0.07200000000000001
Los Angeles,0.07
Los Angeles,0.059000000000000004
Los Angeles,0.047
Los Angeles,0.040999999999999995
Los Angeles,0.045
Los Angeles,0.045
Los Angeles,0.042
Los Angeles,0.052000000000000005
Los Angeles,0.062
Los Angeles,0.063
Los Angeles,0.069
Los Angeles,0.057
Los Angeles,0.052000000000000005
Los Angeles,0.053
Los Angeles,0.057
Los Angeles,0.051
Los Angeles,0.053
Los Angeles,0.047
Los Angeles,0.045
Los Angeles,0.04
Los Angeles,0.052000000000000005
Los Angeles,0.057
Los Angeles,0.047
Los Angeles,0.052000000000000005
Los Angeles,0.048
Los Angeles,0.06
Los Angeles,0.066
Los Angeles,0.067
Los Angeles,0.059000000000000004
Los Angeles,0.057999999999999996
Los Angeles,0.06
Los Angeles,0.067
Los Angeles,0.083
Los Angeles,0.079
Los Angeles,0.068
Los Angeles,0.07200000000000001
Los Angeles,0.086
Los Angeles,0.078
Los Angeles,0.094
Los Angeles,0.105
Los Angeles,0.061
Los Angeles,0.059000000000000004
Los Angeles,0.07
Los Angeles,0.066
Los Angeles,0.061
Los Angeles,0.062
Los Angeles,0.07200000000000001
Los Angeles,0.057999999999999996
Los Angeles,0.046
Los Angeles,0.055
Los Angeles,0.069
Los Angeles,0.067
Los Angeles,0.066
Los Angeles,0.061
Los Angeles,0.07200000000000001
Los Angeles,0.07400000000000001
Los Angeles,0.07400000000000001
Los Angeles,0.077
Los Angeles,0.075
Los Angeles,0.079
Los Angeles,0.073
Los Angeles,0.064
Los Angeles,0.075
Los Angeles,0.08
Los Angeles,0.066
Los Angeles,0.06
Los Angeles,0.068
Los Angeles,0.077
Los Angeles,0.081
Los Angeles,0.106
Los Angeles,0.09699999999999999
Los Angeles,0.092
Los Angeles,0.096
Los Angeles,0.08199999999999999
Los Angeles,0.067
Los Angeles,0.057999999999999996
Los Angeles,0.055
Los Angeles,0.069
Los Angeles,0.071
Los Angeles,0.078
Los Angeles,0.09
Los Angeles,0.078
Los Angeles,0.078
Los Angeles,0.08199999999999999
Los Angeles,0.09699999999999999
Los Angeles,0.09300000000000001
Los Angeles,0.10099999999999999
Los Angeles,0.095
Los Angeles,0.086
Los Angeles,0.078
Los Angeles,0.092
Los Angeles,0.08800000000000001
Los Angeles,0.09300000000000001
Los Angeles,0.087
Los Angeles,0.084
Los Angeles,0.08800000000000001
Los Angeles,0.077
Los Angeles,0.066
Los Angeles,0.068
Los Angeles,0.062
Los Angeles,0.076
Los Angeles,0.08199999999999999
Los Angeles,0.095
Los Angeles,0.08900000000000001
Los Angeles,0.07200000000000001
Los Angeles,0.067
Los Angeles,0.06
Los Angeles,0.064
Los Angeles,0.08
Los Angeles,0.10400000000000001
Los Angeles,0.086
Los Angeles,0.076
Los Angeles,0.079
Los Angeles,0.071
Los Angeles,0.08800000000000001
Los Angeles,0.077
Los Angeles,0.067
Los Angeles,0.07200000000000001
Los Angeles,0.07400000000000001
Los Angeles,0.08199999999999999
Los Angeles,0.10099999999999999
Los Angeles,0.069
Los Angeles,0.063
Los Angeles,0.073
Los Angeles,0.066
Los Angeles,0.06
Los Angeles,0.07200000000000001
Los Angeles,0.06
Los Angeles,0.069
Los Angeles,0.054000000000000006
Los Angeles,0.07200000000000001
Los Angeles,0.075
Los Angeles,0.084
Los Angeles,0.099
Los Angeles,0.08
Los Angeles,0.057
Los Angeles,0.064
Los Angeles,0.064
Los Angeles,0.049
Los Angeles,0.055999999999999994
Los Angeles,0.078
Los Angeles,0.07
Los Angeles,0.063
Los Angeles,0.073
Los Angeles,0.079
Los Angeles,0.051
Los Angeles,0.044000000000000004
Los Angeles,0.036000000000000004
Los Angeles,0.05
Los Angeles,0.048
Los Angeles,0.055
Los Angeles,0.066
Los Angeles,0.07200000000000001
Los Angeles,0.07
Los Angeles,0.091
Los Angeles,0.102
Los Angeles,0.08
Los Angeles,0.066
Los Angeles,0.062
Los Angeles,0.06
Los Angeles,0.057999999999999996
Los Angeles,0.071
Los Angeles,0.075
Los Angeles,0.066
Los Angeles,0.061
Los Angeles,0.054000000000000006
Los Angeles,0.063
Los Angeles,0.052000000000000005
Los Angeles,0.055999999999999994
Los Angeles,0.068
Los Angeles,0.061
Los Angeles,0.061
Los Angeles,0.064
Los Angeles,0.055999999999999994
Los Angeles,0.059000000000000004
Los Angeles,0.064
Los Angeles,0.055
Los Angeles,0.055
Los Angeles,0.049
Los Angeles,0.046
Los Angeles,0.047
Los Angeles,0.049
Los Angeles,0.051
Los Angeles,0.063
Los Angeles,0.069
Los Angeles,0.061
Los Angeles,0.049
Los Angeles,0.057999999999999996
Los Angeles,0.05
Los Angeles,0.048
Los Angeles,0.059000000000000004
Los Angeles,0.057999999999999996
Los Angeles,0.053
Los Angeles,0.054000000000000006
Los Angeles,0.055
Los Angeles,0.047
Los Angeles,0.054000000000000006
Los Angeles,0.054000000000000006
Los Angeles,0.055999999999999994
Los Angeles,0.045
Los Angeles,0.040999999999999995
Los Angeles,0.038
Los Angeles,0.040999999999999995
Los Angeles,0.044000000000000004
Los Angeles,0.048
Los Angeles,0.046
Los Angeles,0.042
Los Angeles,0.042
Los Angeles,0.040999999999999995
Los Angeles,0.04
Los Angeles,0.033
Los Angeles,0.033
Los Angeles,0.034
Los Angeles,0.031
Los Angeles,0.025
Los Angeles,0.032
Los Angeles,0.025
Los Angeles,0.027999999999999997
Los Angeles,0.038
Los Angeles,0.042
Los Angeles,0.027000000000000003
Los Angeles,0.03
Los Angeles,0.033
Los Angeles,0.034
Los Angeles,0.040999999999999995
Los Angeles,0.043
Los Angeles,0.042
Los Angeles,0.04
Los Angeles,0.031
Los Angeles,0.04
Los Angeles,0.037000000000000005
Los Angeles,0.034
Los Angeles,0.043
Los Angeles,0.035
Los Angeles,0.039
Los Angeles,0.040999999999999995
Los Angeles,0.039
Los Angeles,0.037000000000000005
Los Angeles,0.035
Los Angeles,0.035
Los Angeles,0.040999999999999995
Maricopa,0.039
Maricopa,0.046
Maricopa,0.047
Maricopa,0.046
Maricopa,0.04
Maricopa,0.047
Maricopa,0.043
Maricopa,0.042
Maricopa,0.038
Maricopa,0.036000000000000004
Maricopa,0.042
Maricopa,0.044000000000000004
Maricopa,0.040999999999999995
Maricopa,0.035
Maricopa,0.028999999999999998
Maricopa,0.04
Maricopa,0.038
Maricopa,0.046
Maricopa,0.045
Maricopa,0.043
Maricopa,0.046
Maricopa,0.042
Maricopa,0.040999999999999995
Maricopa,0.045
Maricopa,0.045
Maricopa,0.051
Maricopa,0.046
Maricopa,0.044000000000000004
Maricopa,0.043
Maricopa,0.044000000000000004
Maricopa,0.046
Maricopa,0.045
Maricopa,0.037000000000000005
Maricopa,0.038
Maricopa,0.039
Maricopa,0.042
Maricopa,0.046
Maricopa,0.048
Maricopa,0.049
Maricopa,0.048
Maricopa,0.049
Maricopa,0.051
Maricopa,0.052000000000000005
Maricopa,0.048
Maricopa,0.036000000000000004
Maricopa,0.046
Maricopa,0.05
Maricopa,0.048
Maricopa,0.047
Maricopa,0.044000000000000004
Maricopa,0.046
Maricopa,0.040999999999999995
Maricopa,0.046
Maricopa,0.051
Maricopa,0.054000000000000006
Maricopa,0.052000000000000005
Maricopa,0.052000000000000005
Maricopa,0.057999999999999996
Maricopa,0.057999999999999996
Maricopa,0.055
Maricopa,0.049
Maricopa,0.051
Maricopa,0.06
Maricopa,0.064
Maricopa,0.061
Maricopa,0.048
Maricopa,0.052000000000000005
Maricopa,0.057
Maricopa,0.055
Maricopa,0.048
Maricopa,0.049
Maricopa,0.054000000000000006
Maricopa,0.053
Maricopa,0.055
Maricopa,0.053
Maricopa,0.053
Maricopa,0.06
Maricopa,0.057999999999999996
Maricopa,0.055999999999999994
Maricopa,0.054000000000000006
Maricopa,0.057999999999999996
Maricopa,0.061
Maricopa,0.066
Maricopa,0.065
Maricopa,0.065
Maricopa,0.064
Maricopa,0.068
Maricopa,0.057999999999999996
Maricopa,0.061
Maricopa,0.063
Maricopa,0.063
Maricopa,0.064
Maricopa,0.055999999999999994
Maricopa,0.055
Maricopa,0.055
Maricopa,0.053
Maricopa,0.059000000000000004
Maricopa,0.067
Maricopa,0.06
Maricopa,0.053
Maricopa,0.054000000000000006
Maricopa,0.061
Maricopa,0.061
Maricopa,0.065
Maricopa,0.066
Maricopa,0.057
Maricopa,0.057
Maricopa,0.065
Maricopa,0.059000000000000004
Maricopa,0.059000000000000004
Maricopa,0.061
Maricopa,0.068
Maricopa,0.059000000000000004
Maricopa,0.066
Maricopa,0.066
Maricopa,0.07
Maricopa,0.067
Maricopa,0.059000000000000004
Maricopa,0.046
Maricopa,0.055
Maricopa,0.061
Maricopa,0.068
Maricopa,0.073
Maricopa,0.071
Maricopa,0.064
Maricopa,0.052000000000000005
Maricopa,0.053
Maricopa,0.057
Maricopa,0.057999999999999996
Maricopa,0.055
Maricopa,0.055
Maricopa,0.052000000000000005
Maricopa,0.068
Maricopa,0.069
Maricopa,0.069
Maricopa,0.054000000000000006
Maricopa,0.061
Maricopa,0.06
Maricopa,0.055999999999999994
Maricopa,0.055
Maricopa,0.063
Maricopa,0.061
Maricopa,0.059000000000000004
Maricopa,0.068
Maricopa,0.067
Maricopa,0.05
Maricopa,0.054000000000000006
Maricopa,0.069
Maricopa,0.067
Maricopa,0.07200000000000001
Maricopa,0.065
Maricopa,0.055999999999999994
Maricopa,0.055
Maricopa,0.068
Maricopa,0.067
Maricopa,0.066
Maricopa,0.065
Maricopa,0.059000000000000004
Maricopa,0.08
Maricopa,0.075
Maricopa,0.059000000000000004
Maricopa,0.069
Maricopa,0.075
Maricopa,0.065
Maricopa,0.059000000000000004
Maricopa,0.071
Maricopa,0.06
Maricopa,0.059000000000000004
Maricopa,0.066
Maricopa,0.069
Maricopa,0.069
Maricopa,0.062
Maricopa,0.06
Maricopa,0.075
Maricopa,0.081
Maricopa,0.071
Maricopa,0.049
Maricopa,0.071
Maricopa,0.071
Maricopa,0.07
Maricopa,0.059000000000000004
Maricopa,0.053
Maricopa,0.054000000000000006
Maricopa,0.051
Maricopa,0.057999999999999996
Maricopa,0.064
Maricopa,0.068
Maricopa,0.055999999999999994
Maricopa,0.057999999999999996
Maricopa,0.071
Maricopa,0.065
Maricopa,0.059000000000000004
Maricopa,0.07
Maricopa,0.063
Maricopa,0.057999999999999996
Maricopa,0.071
Maricopa,0.067
Maricopa,0.055999999999999994
Maricopa,0.062
Maricopa,0.057
Maricopa,0.055
Maricopa,0.054000000000000006
Maricopa,0.055
Maricopa,0.081
Maricopa,0.08199999999999999
Maricopa,0.084
Maricopa,0.07200000000000001
Maricopa,0.064
Maricopa,0.062
Maricopa,0.066
Maricopa,0.07400000000000001
Maricopa,0.071
Maricopa,0.079
Maricopa,0.07200000000000001
Maricopa,0.067
Maricopa,0.075
Maricopa,0.076
Maricopa,0.07
Maricopa,0.064
Maricopa,0.07200000000000001
Maricopa,0.055
Maricopa,0.052000000000000005
Maricopa,0.06
Maricopa,0.071
Maricopa,0.062
Maricopa,0.068
Maricopa,0.069
Maricopa,0.073
Maricopa,0.061
Maricopa,0.063
Maricopa,0.062
Maricopa,0.066
Maricopa,0.067
Maricopa,0.06
Maricopa,0.065
Maricopa,0.054000000000000006
Maricopa,0.045
Maricopa,0.055
Maricopa,0.055
Maricopa,0.048
Maricopa,0.073
Maricopa,0.062
Maricopa,0.062
Maricopa,0.062
Maricopa,0.07200000000000001
Maricopa,0.073
Maricopa,0.071
Maricopa,0.068
Maricopa,0.071
Maricopa,0.064
Maricopa,0.051
Maricopa,0.059000000000000004
Maricopa,0.045
Maricopa,0.055
Maricopa,0.062
Maricopa,0.071
Maricopa,0.055999999999999994
Maricopa,0.053
Maricopa,0.057999999999999996
Maricopa,0.055
Maricopa,0.057
Maricopa,0.049
Maricopa,0.06
Maricopa,0.061
Maricopa,0.057
Maricopa,0.040999999999999995
Maricopa,0.044000000000000004
Maricopa,0.04
Maricopa,0.038
Maricopa,0.054000000000000006
Maricopa,0.053
Maricopa,0.046
Maricopa,0.055999999999999994
Maricopa,0.061
Maricopa,0.06
Maricopa,0.05
Maricopa,0.052000000000000005
Maricopa,0.051
Maricopa,0.061
Maricopa,0.063
Maricopa,0.06
Maricopa,0.054000000000000006
Maricopa,0.057
Maricopa,0.054000000000000006
Maricopa,0.054000000000000006
Maricopa,0.057
Maricopa,0.044000000000000004
Maricopa,0.05
Maricopa,0.051
Maricopa,0.052000000000000005
Maricopa,0.06
Maricopa,0.057
Maricopa,0.057999999999999996
Maricopa,0.05
Maricopa,0.049
Maricopa,0.053
Maricopa,0.055
Maricopa,0.048
Maricopa,0.055
Maricopa,0.055999999999999994
Maricopa,0.054000000000000006
Maricopa,0.051
Maricopa,0.048
Maricopa,0.048
Maricopa,0.049
Maricopa,0.054000000000000006
Maricopa,0.057999999999999996
Maricopa,0.055999999999999994
Maricopa,0.045
Maricopa,0.045
Maricopa,0.043
Maricopa,0.043
Maricopa,0.044000000000000004
Maricopa,0.051
Maricopa,0.052000000000000005
Maricopa,0.044000000000000004
Maricopa,0.049
Maricopa,0.055999999999999994
Maricopa,0.052000000000000005
Maricopa,0.05
Maricopa,0.051
Maricopa,0.052000000000000005
Maricopa,0.05
Maricopa,0.042
Maricopa,0.043
Maricopa,0.044000000000000004
Maricopa,0.044000000000000004
Maricopa,0.045
Maricopa,0.044000000000000004
Maricopa,0.046
Maricopa,0.042
Maricopa,0.043
Maricopa,0.046
Maricopa,0.043
Maricopa,0.046
Maricopa,0.038
Maricopa,0.039
Maricopa,0.039
Maricopa,0.040999999999999995
Maricopa,0.038
Maricopa,0.038
Maricopa,0.032
Maricopa,0.039
Maricopa,0.040999999999999995
Maricopa,0.038
Maricopa,0.040999999999999995
Maricopa,0.043
Maricopa,0.042
Maricopa,0.043
Maricopa,0.044000000000000004
Maricopa,0.044000000000000004
Maricopa,0.046
Maricopa,0.043
Maricopa,0.044000000000000004
Maricopa,0.043
Maricopa,0.044000000000000004
Maricopa,0.038
Maricopa,0.035
Maricopa,0.042
Maricopa,0.046
Maricopa,0.044000000000000004
Maricopa,0.04
Maricopa,0.040999999999999995
Maricopa,0.042
Miami-Dade,0.036000000000000004
Miami-Dade,0.031
Miami-Dade,0.027999999999999997
Miami-Dade,0.036000000000000004
Miami-Dade,0.038
Miami-Dade,0.044000000000000004
Miami-Dade,0.044000000000000004
Miami-Dade,0.042
Miami-Dade,0.039
Miami-Dade,0.044000000000000004
Miami-Dade,0.045
Miami-Dade,0.04
Miami-Dade,0.036000000000000004
Miami-Dade,0.036000000000000004
Miami-Dade,0.04
Miami-Dade,0.046
Miami-Dade,0.051
Miami-Dade,0.053
Miami-Dade,0.040999999999999995
Miami-Dade,0.032
Miami-Dade,0.042
Miami-Dade,0.043
Miami-Dade,0.036000000000000004
Miami-Dade,0.027000000000000003
Miami-Dade,0.035
Miami-Dade,0.035
Miami-Dade,0.036000000000000004
Miami-Dade,0.042
Miami-Dade,0.044000000000000004
Miami-Dade,0.042
Miami-Dade,0.046
Miami-Dade,0.043
Miami-Dade,0.038
Miami-Dade,0.038
Miami-Dade,0.039
Miami-Dade,0.043
Miami-Dade,0.049
Miami-Dade,0.044000000000000004
Miami-Dade,0.036000000000000004
Miami-Dade,0.035
Miami-Dade,0.034
Miami-Dade,0.027000000000000003
Miami-Dade,0.021
Miami-Dade,0.037000000000000005
Miami-Dade,0.044000000000000004
Miami-Dade,0.047
Miami-Dade,0.040999999999999995
Miami-Dade,0.028999999999999998
Miami-Dade,0.022000000000000002
Miami-Dade,0.027999999999999997
Miami-Dade,0.022000000000000002
Miami-Dade,0.022000000000000002
Miami-Dade,0.021
Miami-Dade,0.022000000000000002
Miami-Dade,0.025
Miami-Dade,0.038
Miami-Dade,0.036000000000000004
Miami-Dade,0.022000000000000002
Miami-Dade,0.057999999999999996
Miami-Dade,0.043
Miami-Dade,0.031
Miami-Dade,0.021
Miami-Dade,0.025
Miami-Dade,0.028999999999999998
Miami-Dade,0.054000000000000006
Miami-Dade,0.052000000000000005
Miami-Dade,0.043
Miami-Dade,0.037000000000000005
Miami-Dade,0.033
Miami-Dade,0.026000000000000002
Miami-Dade,0.046
Miami-Dade,0.047
Miami-Dade,0.045
Miami-Dade,0.040999999999999995
Miami-Dade,0.040999999999999995
Miami-Dade,0.033
Miami-Dade,0.045
Miami-Dade,0.039
Miami-Dade,0.046
Miami-Dade,0.054000000000000006
Miami-Dade,0.064
Miami-Dade,0.07
Miami-Dade,0.054000000000000006
Miami-Dade,0.040999999999999995
Miami-Dade,0.07200000000000001
Miami-Dade,0.055999999999999994
Miami-Dade,0.047
Miami-Dade,0.051
Miami-Dade,0.047
Miami-Dade,0.045
Miami-Dade,0.042
Miami-Dade,0.038
Miami-Dade,0.045
Miami-Dade,0.037000000000000005
Miami-Dade,0.03
Miami-Dade,0.03
Miami-Dade,0.028999999999999998
Miami-Dade,0.027000000000000003
Miami-Dade,0.028999999999999998
Miami-Dade,0.048
Miami-Dade,0.048
Miami-Dade,0.031
Miami-Dade,0.033
Miami-Dade,0.027999999999999997
Miami-Dade,0.047
Miami-Dade,0.06
Miami-Dade,0.052000000000000005
Miami-Dade,0.032
Miami-Dade,0.038
Miami-Dade,0.053
Miami-Dade,0.055
Miami-Dade,0.059000000000000004
Miami-Dade,0.055
Miami-Dade,0.051
Miami-Dade,0.038
Miami-Dade,0.043
Miami-Dade,0.05
Miami-Dade,0.045
Miami-Dade,0.04
Miami-Dade,0.036000000000000004
Miami-Dade,0.039
Miami-Dade,0.031
Miami-Dade,0.023
Miami-Dade,0.02
Miami-Dade,0.026000000000000002
Miami-Dade,0.024
Miami-Dade,0.025
Miami-Dade,0.026000000000000002
Miami-Dade,0.022000000000000002
Miami-Dade,0.022000000000000002
Miami-Dade,0.022000000000000002
Miami-Dade,0.027999999999999997
Miami-Dade,0.027000000000000003
Miami-Dade,0.031
Miami-Dade,0.054000000000000006
Miami-Dade,0.051
Miami-Dade,0.048
Miami-Dade,0.042
Miami-Dade,0.040999999999999995
Miami-Dade,0.044000000000000004
Miami-Dade,0.038
Miami-Dade,0.040999999999999995
Miami-Dade,0.05
Miami-Dade,0.053
Miami-Dade,0.057
Miami-Dade,0.044000000000000004
Miami-Dade,0.046
Miami-Dade,0.046
Miami-Dade,0.033
Miami-Dade,0.023
Miami-Dade,0.017
Miami-Dade,0.018000000000000002
Miami-Dade,0.02
Miami-Dade,0.024
Miami-Dade,0.022000000000000002
Miami-Dade,0.019
Miami-Dade,0.019
Miami-Dade,0.023
Miami-Dade,0.024
Miami-Dade,0.018000000000000002
Miami-Dade,0.027000000000000003
Miami-Dade,0.026000000000000002
Miami-Dade,0.02
Miami-Dade,0.024
Miami-Dade,0.032
Miami-Dade,0.025
Miami-Dade,0.025
Miami-Dade,0.027999999999999997
Miami-Dade,0.027999999999999997
Miami-Dade,0.019
Miami-Dade,0.016
Miami-Dade,0.019
Miami-Dade,0.026000000000000002
Miami-Dade,0.027999999999999997
Miami-Dade,0.036000000000000004
Miami-Dade,0.035
Miami-Dade,0.043
Miami-Dade,0.039
Miami-Dade,0.026000000000000002
Miami-Dade,0.022000000000000002
Miami-Dade,0.022000000000000002
Miami-Dade,0.043
Miami-Dade,0.055
Miami-Dade,0.040999999999999995
Miami-Dade,0.034
Miami-Dade,0.026000000000000002
Miami-Dade,0.025
Miami-Dade,0.026000000000000002
Miami-Dade,0.027999999999999997
Miami-Dade,0.032
Miami-Dade,0.03
Miami-Dade,0.03
Miami-Dade,0.025
Miami-Dade,0.016
Miami-Dade,0.019
Miami-Dade,0.018000000000000002
Miami-Dade,0.027999999999999997
Miami-Dade,0.022000000000000002
Miami-Dade,0.025
Miami-Dade,0.025
Miami-Dade,0.026000000000000002
Miami-Dade,0.024
Miami-Dade,0.027999999999999997
Miami-Dade,0.027999999999999997
Miami-Dade,0.025
Miami-Dade,0.034
Miami-Dade,0.034
Miami-Dade,0.025
Miami-Dade,0.032
Miami-Dade,0.028999999999999998
Miami-Dade,0.027000000000000003
Miami-Dade,0.024
Miami-Dade,0.027999999999999997
Miami-Dade,0.03
Miami-Dade,0.025
Miami-Dade,0.025
Miami-Dade,0.018000000000000002
Miami-Dade,0.02
Miami-Dade,0.021
Miami-Dade,0.024
Miami-Dade,0.032
Miami-Dade,0.027000000000000003
Miami-Dade,0.021
Miami-Dade,0.021
Miami-Dade,0.032
Miami-Dade,0.031
Miami-Dade,0.031
Miami-Dade,0.028999999999999998
Miami-Dade,0.036000000000000004
Miami-Dade,0.022000000000000002
Miami-Dade,0.03
Miami-Dade,0.035
Miami-Dade,0.026000000000000002
Miami-Dade,0.025
Miami-Dade,0.022000000000000002
Miami-Dade,0.021
Miami-Dade,0.026000000000000002
Miami-Dade,0.021
Miami-Dade,0.019
Miami-Dade,0.024
Miami-Dade,0.021
Miami-Dade,0.021
Miami-Dade,0.040999999999999995
Miami-Dade,0.046
Miami-Dade,0.022000000000000002
Miami-Dade,0.018000000000000002
Miami-Dade,0.028999999999999998
Miami-Dade,0.04
Miami-Dade,0.027999999999999997
Miami-Dade,0.026000000000000002
Miami-Dade,0.027000000000000003
Miami-Dade,0.031
Miami-Dade,0.033
Miami-Dade,0.053
Miami-Dade,0.044000000000000004
Miami-Dade,0.038
Miami-Dade,0.034
Miami-Dade,0.035
Miami-Dade,0.037000000000000005
Miami-Dade,0.034
Miami-Dade,0.037000000000000005
Miami-Dade,0.040999999999999995
Miami-Dade,0.037000000000000005
Miami-Dade,0.027999999999999997
Miami-Dade,0.027000000000000003
Miami-Dade,0.04
Miami-Dade,0.040999999999999995
Miami-Dade,0.038
Miami-Dade,0.027999999999999997
Miami-Dade,0.031
Miami-Dade,0.024
Miami-Dade,0.022000000000000002
Miami-Dade,0.032
Miami-Dade,0.027999999999999997
Miami-Dade,0.027999999999999997
Miami-Dade,0.027000000000000003
Miami-Dade,0.034
Miami-Dade,0.035
Miami-Dade,0.037000000000000005
Miami-Dade,0.035
Miami-Dade,0.037000000000000005
Miami-Dade,0.036000000000000004
Miami-Dade,0.027000000000000003
Miami-Dade,0.025
Miami-Dade,0.022000000000000002
Miami-Dade,0.023
Miami-Dade,0.024
Miami-Dade,0.02
Miami-Dade,0.021
Miami-Dade,0.024
Miami-Dade,0.021
Miami-Dade,0.03
Miami-Dade,0.024
Miami-Dade,0.022000000000000002
Miami-Dade,0.027999999999999997
Miami-Dade,0.025
Miami-Dade,0.022000000000000002
Miami-Dade,0.024
Miami-Dade,0.032
Miami-Dade,0.036000000000000004
Miami-Dade,0.037000000000000005
Miami-Dade,0.039
Miami-Dade,0.032
Miami-Dade,0.03
Miami-Dade,0.03
Miami-Dade,0.03
Miami-Dade,0.045
Miami-Dade,0.044000000000000004
Miami-Dade,0.044000000000000004
Miami-Dade,0.040999999999999995
Miami-Dade,0.038
Miami-Dade,0.038
Miami-Dade,0.033
Miami-Dade,0.038
Miami-Dade,0.031
Miami-Dade,0.033
Miami-Dade,0.049
Miami-Dade,0.051
Miami-Dade,0.05
Miami-Dade,0.045
Miami-Dade,0.042
Miami-Dade,0.035
Miami-Dade,0.037000000000000005
Miami-Dade,0.055
Miami-Dade,0.047
Miami-Dade,0.057
Miami-Dade,0.044000000000000004
Miami-Dade,0.044000000000000004
Miami-Dade,0.038
Miami-Dade,0.039
Miami-Dade,0.036000000000000004
Miami-Dade,0.04
Miami-Dade,0.048
Miami-Dade,0.048
Miami-Dade,0.054000000000000006
Miami-Dade,0.044000000000000004
Miami-Dade,0.038
Miami-Dade,0.03
Miami-Dade,0.027000000000000003
Miami-Dade,0.032
Miami-Dade,0.027999999999999997
Miami-Dade,0.03
Miami-Dade,0.044000000000000004
Miami-Dade,0.034
Miami-Dade,0.025
Miami-Dade,0.023
Miami-Dade,0.042
Miami-Dade,0.043
Miami-Dade,0.042
Miami-Dade,0.04
Miami-Dade,0.036000000000000004
Miami-Dade,0.037000000000000005
Miami-Dade,0.038
Miami-Dade,0.036000000000000004
Miami-Dade,0.036000000000000004
Miami-Dade,0.037000000000000005
Miami-Dade,0.04
Miami-Dade,0.035
Orange,0.042
Orange,0.038
Orange,0.036000000000000004
Orange,0.032
Orange,0.038
Orange,0.040999999999999995
Orange,0.040999999999999995
Orange,0.04
Orange,0.039
Orange,0.033
Orange,0.03
Orange,0.042
Orange,0.042
Orange,0.035
Orange,0.042
Orange,0.038
Orange,0.03
Orange,0.036000000000000004
Orange,0.037000000000000005
Orange,0.037000000000000005
Orange,0.043
Orange,0.046
Orange,0.035
Orange,0.035
Orange,0.047
Orange,0.046
Orange,0.052000000000000005
Orange,0.048
Orange,0.048
Orange,0.045
Orange,0.034
Orange,0.039
Orange,0.040999999999999995
Orange,0.040999999999999995
Orange,0.042
Orange,0.044000000000000004
Orange,0.040999999999999995
Orange,0.043
Orange,0.048
Orange,0.045
Orange,0.044000000000000004
Orange,0.048
Orange,0.034
Orange,0.043
Orange,0.039
Orange,0.046
Orange,0.045
Orange,0.046
Orange,0.045
Orange,0.045
Orange,0.044000000000000004
Orange,0.043
Orange,0.044000000000000004
Orange,0.053
Orange,0.054000000000000006
Orange,0.057999999999999996
Orange,0.052000000000000005
Orange,0.048
Orange,0.037000000000000005
Orange,0.038
Orange,0.032
Orange,0.040999999999999995
Orange,0.039
Orange,0.042
Orange,0.037000000000000005
Orange,0.044000000000000004
Orange,0.05
Orange,0.046
Orange,0.048
Orange,0.04
Orange,0.047
Orange,0.053
Orange,0.054000000000000006
Orange,0.053
Orange,0.061
Orange,0.063
Orange,0.068
Orange,0.053
Orange,0.049
Orange,0.046
Orange,0.054000000000000006
Orange,0.048
Orange,0.05
Orange,0.055999999999999994
Orange,0.055999999999999994
Orange,0.040999999999999995
Orange,0.048
Orange,0.052000000000000005
Orange,0.062
Orange,0.064
Orange,0.069
Orange,0.05
Orange,0.04
Orange,0.04
Orange,0.039
Orange,0.045
Orange,0.071
Orange,0.075
Orange,0.047
Orange,0.055
Orange,0.057
Orange,0.053
Orange,0.057999999999999996
Orange,0.067
Orange,0.053
Orange,0.05
Orange,0.053
Orange,0.067
Orange,0.054000000000000006
Orange,0.05
Orange,0.05
Orange,0.055
Orange,0.055999999999999994
Orange,0.053
Orange,0.046
Orange,0.046
Orange,0.048
Orange,0.046
Orange,0.038
Orange,0.043
Orange,0.055
Orange,0.055999999999999994
Orange,0.055999999999999994
Orange,0.054000000000000006
Orange,0.054000000000000006
Orange,0.040999999999999995
Orange,0.042
Orange,0.040999999999999995
Orange,0.040999999999999995
Orange,0.036000000000000004
Orange,0.046
Orange,0.045
Orange,0.046
Orange,0.049
Orange,0.047
Orange,0.049
Orange,0.051
Orange,0.054000000000000006
Orange,0.048
Orange,0.052000000000000005
Orange,0.046
Orange,0.047
Orange,0.042
Orange,0.048
Orange,0.046
Orange,0.051
Orange,0.044000000000000004
Orange,0.047
Orange,0.051
Orange,0.053
Orange,0.05
Orange,0.045
Orange,0.047
Orange,0.055
Orange,0.048
Orange,0.048
Orange,0.049
Orange,0.046
Orange,0.05
Orange,0.066
Orange,0.077
Orange,0.067
Orange,0.05
Orange,0.047
Orange,0.044000000000000004
Orange,0.048
Orange,0.047
Orange,0.038
Orange,0.039
Orange,0.055
Orange,0.040999999999999995
Orange,0.033
Orange,0.046
Orange,0.057
Orange,0.048
Orange,0.038
Orange,0.046
Orange,0.057
Orange,0.06
Orange,0.06
Orange,0.06
Orange,0.053
Orange,0.051
Orange,0.047
Orange,0.049
Orange,0.049
Orange,0.053
Orange,0.047
Orange,0.046
Orange,0.055
Orange,0.06
Orange,0.057999999999999996
Orange,0.062
Orange,0.049
Orange,0.068
Orange,0.066
Orange,0.045
Orange,0.037000000000000005
Orange,0.045
Orange,0.038
Orange,0.05
Orange,0.055999999999999994
Orange,0.051
Orange,0.079
Orange,0.062
Orange,0.061
Orange,0.055999999999999994
Orange,0.071
Orange,0.040999999999999995
Orange,0.046
Orange,0.047
Orange,0.054000000000000006
Orange,0.068
Orange,0.064
Orange,0.063
Orange,0.066
Orange,0.068
Orange,0.067
Orange,0.047
Orange,0.06
Orange,0.05
Orange,0.048
Orange,0.035
Orange,0.044000000000000004
Orange,0.061
Orange,0.077
Orange,0.067
Orange,0.049
Orange,0.043
Orange,0.04
Orange,0.055999999999999994
Orange,0.057999999999999996
Orange,0.06
Orange,0.048
Orange,0.05
Orange,0.055999999999999994
Orange,0.064
Orange,0.043
Orange,0.042
Orange,0.042
Orange,0.063
Orange,0.054000000000000006
Orange,0.057999999999999996
Orange,0.057999999999999996
Orange,0.040999999999999995
Orange,0.042
Orange,0.055999999999999994
Orange,0.065
Orange,0.049
Orange,0.052000000000000005
Orange,0.046
Orange,0.045
Orange,0.045
Orange,0.055999999999999994
Orange,0.065
Orange,0.084
Orange,0.076
Orange,0.059000000000000004
Orange,0.044000000000000004
Orange,0.040999999999999995
Orange,0.04
Orange,0.039
Orange,0.051
Orange,0.073
Orange,0.063
Orange,0.049
Orange,0.064
Orange,0.05
Orange,0.032
Orange,0.037000000000000005
Orange,0.034
Orange,0.043
Orange,0.052000000000000005
Orange,0.051
Orange,0.067
Orange,0.066
Orange,0.063
Orange,0.08199999999999999
Orange,0.094
Orange,0.083
Orange,0.06
Orange,0.048
Orange,0.049
Orange,0.057999999999999996
Orange,0.059000000000000004
Orange,0.055999999999999994
Orange,0.055
Orange,0.064
Orange,0.066
Orange,0.053
Orange,0.054000000000000006
Orange,0.06
Orange,0.07
Orange,0.055999999999999994
Orange,0.066
Orange,0.069
Orange,0.052000000000000005
Orange,0.055999999999999994
Orange,0.065
Orange,0.047
Orange,0.049
Orange,0.052000000000000005
Orange,0.048
Orange,0.046
Orange,0.047
Orange,0.052000000000000005
Orange,0.069
Orange,0.062
Orange,0.062
Orange,0.052000000000000005
Orange,0.054000000000000006
Orange,0.045
Orange,0.044000000000000004
Orange,0.053
Orange,0.055999999999999994
Orange,0.05
Orange,0.048
Orange,0.043
Orange,0.040999999999999995
Orange,0.039
Orange,0.051
Orange,0.051
Orange,0.049
Orange,0.044000000000000004
Orange,0.042
Orange,0.043
Orange,0.047
Orange,0.049
Orange,0.05
Orange,0.044000000000000004
Orange,0.040999999999999995
Orange,0.042
Orange,0.042
Orange,0.036000000000000004
Orange,0.038
Orange,0.034
Orange,0.023
Orange,0.035
Orange,0.036000000000000004
Orange,0.024
Orange,0.023
Orange,0.035
Orange,0.034
Orange,0.03
Orange,0.025
Orange,0.033
Orange,0.04
Orange,0.038
Orange,0.036000000000000004
Orange,0.042
Orange,0.043
Orange,0.04
Orange,0.03
Orange,0.034
Orange,0.028999999999999998
Orange,0.046
Orange,0.037000000000000005
Orange,0.038
Orange,0.043
Orange,0.043
Orange,0.035
Orange,0.043
Orange,0.043
Orange,0.042
Queens,0.025
Queens,0.022000000000000002
Queens,0.019
Queens,0.01
Queens,0.02
Queens,0.031
Queens,0.026000000000000002
Queens,0.018000000000000002
Queens,0.025
Queens,0.027999999999999997
Queens,0.033
Queens,0.027999999999999997
Queens,0.034
Queens,0.028999999999999998
Queens,0.019
Queens,0.027999999999999997
Queens,0.027999999999999997
Queens,0.011000000000000001
Queens,0.025
Queens,0.031
Queens,0.033
Queens,0.024
Queens,0.031
Queens,0.032
Queens,0.032
Queens,0.028999999999999998
Queens,0.037000000000000005
Queens,0.028999999999999998
Queens,0.032
Queens,0.023
Queens,0.016
Queens,0.025
Queens,0.018000000000000002
Queens,0.026000000000000002
Queens,0.017
Queens,0.02
Queens,0.035
Queens,0.027999999999999997
Queens,0.028999999999999998
Queens,0.031
Queens,0.03
Queens,0.034
Queens,0.036000000000000004
Queens,0.034
Queens,0.036000000000000004
Queens,0.035
Queens,0.036000000000000004
Queens,0.040999999999999995
Queens,0.034
Queens,0.04
Queens,0.04
Queens,0.037000000000000005
Queens,0.035
Queens,0.034
Queens,0.034
Queens,0.039
Queens,0.044000000000000004
Queens,0.036000000000000004
Queens,0.039
Queens,0.035
Queens,0.036000000000000004
Queens,0.044000000000000004
Queens,0.042
Queens,0.045
Queens,0.040999999999999995
Queens,0.039
Queens,0.049
Queens,0.036000000000000004
Queens,0.043
Queens,0.043
Queens,0.038
Queens,0.039
Queens,0.047
Queens,0.040999999999999995
Queens,0.042
Queens,0.043
Queens,0.049
Queens,0.042
Queens,0.043
Queens,0.042
Queens,0.044000000000000004
Queens,0.018000000000000002
Queens,0.048
Queens,0.038
Queens,0.04
Queens,0.046
Queens,0.05
Queens,0.037000000000000005
Queens,0.048
Queens,0.052000000000000005
Queens,0.037000000000000005
Queens,0.032
Queens,0.035
Queens,0.037000000000000005
Queens,0.043
Queens,0.04
Queens,0.027999999999999997
Queens,0.043
Queens,0.049
Queens,0.039
Queens,0.047
Queens,0.040999999999999995
Queens,0.042
Queens,0.044000000000000004
Queens,0.026000000000000002
Queens,0.044000000000000004
Queens,0.040999999999999995
Queens,0.034
Queens,0.04
Queens,0.045
Queens,0.033
Queens,0.040999999999999995
Queens,0.03
Queens,0.04
Queens,0.039
Queens,0.028999999999999998
Queens,0.025
Queens,0.033
Queens,0.037000000000000005
Queens,0.045
Queens,0.042
Queens,0.04
Queens,0.035
Queens,0.044000000000000004
Queens,0.038
Queens,0.03
Queens,0.019
Queens,0.034
Queens,0.053
Queens,0.045
Queens,0.05
Queens,0.047
Queens,0.054000000000000006
Queens,0.036000000000000004
Queens,0.046
Queens,0.038
Queens,0.04
Queens,0.04
Queens,0.053
Queens,0.042
Queens,0.04
Queens,0.031
Queens,0.032
Queens,0.057
Queens,0.052000000000000005
Queens,0.062
Queens,0.039
Queens,0.045
Queens,0.055
Queens,0.057999999999999996
Queens,0.049
Queens,0.048
Queens,0.046
Queens,0.022000000000000002
Queens,0.037000000000000005
Queens,0.036000000000000004
Queens,0.036000000000000004
Queens,0.037000000000000005
Queens,0.051
Queens,0.048
Queens,0.036000000000000004
Queens,0.045
Queens,0.037000000000000005
Queens,0.032
Queens,0.032
Queens,0.027999999999999997
Queens,0.040999999999999995
Queens,0.044000000000000004
Queens,0.069
Queens,0.066
Queens,0.07
Queens,0.07200000000000001
Queens,0.039
Queens,0.047
Queens,0.061
Queens,0.076
Queens,0.063
Queens,0.052000000000000005
Queens,0.05
Queens,0.034
Queens,0.036000000000000004
Queens,0.067
Queens,0.066
Queens,0.039
Queens,0.047
Queens,0.055999999999999994
Queens,0.055
Queens,0.051
Queens,0.07200000000000001
Queens,0.063
Queens,0.032
Queens,0.055999999999999994
Queens,0.063
Queens,0.057
Queens,0.053
Queens,0.027999999999999997
Queens,0.049
Queens,0.057
Queens,0.06
Queens,0.057
Queens,0.067
Queens,0.071
Queens,0.069
Queens,0.057
Queens,0.061
Queens,0.055999999999999994
Queens,0.051
Queens,0.057999999999999996
Queens,0.048
Queens,0.052000000000000005
Queens,0.046
Queens,0.065
Queens,0.043
Queens,0.036000000000000004
Queens,0.034
Queens,0.053
Queens,0.047
Queens,0.046
Queens,0.046
Queens,0.040999999999999995
Queens,0.040999999999999995
Queens,0.045
Queens,0.05
Queens,0.059000000000000004
Queens,0.049
Queens,0.061
Queens,0.03
Queens,0.032
Queens,0.027999999999999997
Queens,0.039
Queens,0.035
Queens,0.026000000000000002
Queens,0.043
Queens,0.065
Queens,0.05
Queens,0.04
Queens,0.033
Queens,0.047
Queens,0.043
Queens,0.036000000000000004
Queens,0.03
Queens,0.036000000000000004
Queens,0.04
Queens,0.036000000000000004
Queens,0.03
Queens,0.055
Queens,0.037000000000000005
Queens,0.03
Queens,0.033
Queens,0.05
Queens,0.036000000000000004
Queens,0.039
Queens,0.031
Queens,0.038
Queens,0.054000000000000006
Queens,0.061
Queens,0.057999999999999996
Queens,0.05
Queens,0.032
Queens,0.042
Queens,0.044000000000000004
Queens,0.040999999999999995
Queens,0.045
Queens,0.036000000000000004
Queens,0.03
Queens,0.05
Queens,0.016
Queens,0.028999999999999998
Queens,0.034
Queens,0.034
Queens,0.035
Queens,0.024
Queens,0.019
Queens,0.038
Queens,0.035
Queens,0.027999999999999997
Queens,0.032
Queens,0.042
Queens,0.026000000000000002
Queens,0.047
Queens,0.021
Queens,0.024
Queens,0.026000000000000002
Queens,0.037000000000000005
Queens,0.036000000000000004
Queens,0.038
Queens,0.035
Queens,0.037000000000000005
Queens,0.027999999999999997
Queens,0.024
Queens,0.024
Queens,0.034
Queens,0.027999999999999997
Queens,0.027999999999999997
Queens,0.028999999999999998
Queens,0.032
Queens,0.027999999999999997
Queens,0.03
Queens,0.028999999999999998
Queens,0.025
Queens,0.024
Queens,0.028999999999999998
Queens,0.026000000000000002
Queens,0.03
Queens,0.031
Queens,0.026000000000000002
Queens,0.027999999999999997
Queens,0.035
Queens,0.033
Queens,0.018000000000000002
Queens,0.026000000000000002
Queens,0.022000000000000002
Queens,0.023
Queens,0.023
Queens,0.024
Queens,0.015
Queens,0.021
Queens,0.026000000000000002
Queens,0.026000000000000002
Queens,0.025
Queens,0.026000000000000002
Queens,0.033
Queens,0.028999999999999998
Queens,0.032
Queens,0.005
Queens,0.028999999999999998
Queens,0.026000000000000002
Queens,0.028999999999999998
Queens,0.032
Queens,0.02
Queens,0.027999999999999997
Queens,0.024
Queens,0.025
Queens,0.025
Queens,0.022000000000000002
Queens,0.026000000000000002
Queens,0.015
Queens,0.022000000000000002
Queens,0.03
Queens,0.026000000000000002
Queens,0.022000000000000002
Queens,0.012
Queens,0.012
Queens,0.013000000000000001
Queens,0.025
Queens,0.02
Queens,0.027999999999999997
Queens,0.026000000000000002
Queens,0.023
Queens,0.027999999999999997
Riverside,0.040999999999999995
Riverside,0.043
Riverside,0.043
Riverside,0.042
Riverside,0.037000000000000005
Riverside,0.045
Riverside,0.042
Riverside,0.045
Riverside,0.043
Riverside,0.043
Riverside,0.045
Riverside,0.040999999999999995
Riverside,0.046
Riverside,0.044000000000000004
Riverside,0.046
Riverside,0.038
Riverside,0.034
Riverside,0.042
Riverside,0.043
Riverside,0.038
Riverside,0.046
Riverside,0.043
Riverside,0.044000000000000004
Riverside,0.047
Riverside,0.046
Riverside,0.049
Riverside,0.049
Riverside,0.042
Riverside,0.057999999999999996
Riverside,0.049
Riverside,0.046
Riverside,0.043
Riverside,0.047
Riverside,0.048
Riverside,0.046
Riverside,0.048
Riverside,0.046
Riverside,0.05
Riverside,0.05
Riverside,0.048
Riverside,0.047
Riverside,0.052000000000000005
Riverside,0.05
Riverside,0.046
Riverside,0.040999999999999995
Riverside,0.049
Riverside,0.048
Riverside,0.046
Riverside,0.046
Riverside,0.045
Riverside,0.046
Riverside,0.044000000000000004
Riverside,0.048
Riverside,0.052000000000000005
Riverside,0.057
Riverside,0.063
Riverside,0.057999999999999996
Riverside,0.062
Riverside,0.047
Riverside,0.052000000000000005
Riverside,0.040999999999999995
Riverside,0.047
Riverside,0.048
Riverside,0.053
Riverside,0.046
Riverside,0.05
Riverside,0.052000000000000005
Riverside,0.055
Riverside,0.05
Riverside,0.048
Riverside,0.05
Riverside,0.055999999999999994
Riverside,0.054000000000000006
Riverside,0.054000000000000006
Riverside,0.055999999999999994
Riverside,0.057999999999999996
Riverside,0.062
Riverside,0.059000000000000004
Riverside,0.055
Riverside,0.057
Riverside,0.061
Riverside,0.064
Riverside,0.062
Riverside,0.069
Riverside,0.07400000000000001
Riverside,0.061
Riverside,0.059000000000000004
Riverside,0.06
Riverside,0.063
Riverside,0.061
Riverside,0.067
Riverside,0.062
Riverside,0.054000000000000006
Riverside,0.053
Riverside,0.051
Riverside,0.06
Riverside,0.066
Riverside,0.075
Riverside,0.063
Riverside,0.061
Riverside,0.062
Riverside,0.059000000000000004
Riverside,0.063
Riverside,0.073
Riverside,0.071
Riverside,0.055999999999999994
Riverside,0.06
Riverside,0.073
Riverside,0.07
Riverside,0.067
Riverside,0.064
Riverside,0.055999999999999994
Riverside,0.062
Riverside,0.076
Riverside,0.075
Riverside,0.076
Riverside,0.07
Riverside,0.06
Riverside,0.045
Riverside,0.054000000000000006
Riverside,0.06
Riverside,0.068
Riverside,0.083
Riverside,0.079
Riverside,0.065
Riverside,0.049
Riverside,0.05
Riverside,0.053
Riverside,0.055999999999999994
Riverside,0.047
Riverside,0.054000000000000006
Riverside,0.062
Riverside,0.068
Riverside,0.07200000000000001
Riverside,0.06
Riverside,0.055999999999999994
Riverside,0.061
Riverside,0.065
Riverside,0.053
Riverside,0.06
Riverside,0.062
Riverside,0.053
Riverside,0.047
Riverside,0.053
Riverside,0.062
Riverside,0.05
Riverside,0.055
Riverside,0.063
Riverside,0.068
Riverside,0.07
Riverside,0.071
Riverside,0.064
Riverside,0.065
Riverside,0.07400000000000001
Riverside,0.086
Riverside,0.096
Riverside,0.081
Riverside,0.068
Riverside,0.068
Riverside,0.079
Riverside,0.068
Riverside,0.091
Riverside,0.092
Riverside,0.07400000000000001
Riverside,0.067
Riverside,0.08
Riverside,0.073
Riverside,0.07
Riverside,0.081
Riverside,0.086
Riverside,0.08199999999999999
Riverside,0.057
Riverside,0.068
Riverside,0.071
Riverside,0.081
Riverside,0.07200000000000001
Riverside,0.08
Riverside,0.086
Riverside,0.086
Riverside,0.076
Riverside,0.077
Riverside,0.078
Riverside,0.079
Riverside,0.07400000000000001
Riverside,0.075
Riverside,0.08
Riverside,0.085
Riverside,0.075
Riverside,0.07
Riverside,0.069
Riverside,0.08
Riverside,0.08
Riverside,0.095
Riverside,0.094
Riverside,0.078
Riverside,0.08900000000000001
Riverside,0.08
Riverside,0.064
Riverside,0.065
Riverside,0.062
Riverside,0.069
Riverside,0.075
Riverside,0.078
Riverside,0.099
Riverside,0.08900000000000001
Riverside,0.076
Riverside,0.095
Riverside,0.099
Riverside,0.079
Riverside,0.085
Riverside,0.076
Riverside,0.08199999999999999
Riverside,0.091
Riverside,0.084
Riverside,0.085
Riverside,0.087
Riverside,0.096
Riverside,0.098
Riverside,0.085
Riverside,0.083
Riverside,0.07200000000000001
Riverside,0.063
Riverside,0.061
Riverside,0.079
Riverside,0.09
Riverside,0.09300000000000001
Riverside,0.095
Riverside,0.08
Riverside,0.07
Riverside,0.061
Riverside,0.07200000000000001
Riverside,0.077
Riverside,0.095
Riverside,0.083
Riverside,0.076
Riverside,0.062
Riverside,0.07400000000000001
Riverside,0.079
Riverside,0.085
Riverside,0.076
Riverside,0.077
Riverside,0.079
Riverside,0.08199999999999999
Riverside,0.083
Riverside,0.065
Riverside,0.076
Riverside,0.085
Riverside,0.075
Riverside,0.078
Riverside,0.068
Riverside,0.066
Riverside,0.067
Riverside,0.071
Riverside,0.08
Riverside,0.085
Riverside,0.09300000000000001
Riverside,0.096
Riverside,0.071
Riverside,0.062
Riverside,0.055999999999999994
Riverside,0.07
Riverside,0.055999999999999994
Riverside,0.063
Riverside,0.078
Riverside,0.06
Riverside,0.061
Riverside,0.066
Riverside,0.073
Riverside,0.053
Riverside,0.063
Riverside,0.052000000000000005
Riverside,0.054000000000000006
Riverside,0.06
Riverside,0.066
Riverside,0.067
Riverside,0.078
Riverside,0.078
Riverside,0.09
Riverside,0.09300000000000001
Riverside,0.083
Riverside,0.07200000000000001
Riverside,0.066
Riverside,0.052000000000000005
Riverside,0.054000000000000006
Riverside,0.057
Riverside,0.069
Riverside,0.062
Riverside,0.064
Riverside,0.055999999999999994
Riverside,0.061
Riverside,0.054000000000000006
Riverside,0.064
Riverside,0.057999999999999996
Riverside,0.052000000000000005
Riverside,0.057999999999999996
Riverside,0.067
Riverside,0.051
Riverside,0.051
Riverside,0.069
Riverside,0.06
Riverside,0.047
Riverside,0.055
Riverside,0.046
Riverside,0.046
Riverside,0.05
Riverside,0.057
Riverside,0.064
Riverside,0.07
Riverside,0.062
Riverside,0.063
Riverside,0.055
Riverside,0.046
Riverside,0.049
Riverside,0.059000000000000004
Riverside,0.059000000000000004
Riverside,0.055
Riverside,0.062
Riverside,0.057999999999999996
Riverside,0.054000000000000006
Riverside,0.053
Riverside,0.05
Riverside,0.051
Riverside,0.046
Riverside,0.044000000000000004
Riverside,0.043
Riverside,0.046
Riverside,0.047
Riverside,0.049
Riverside,0.054000000000000006
Riverside,0.044000000000000004
Riverside,0.044000000000000004
Riverside,0.045
Riverside,0.045
Riverside,0.04
Riverside,0.040999999999999995
Riverside,0.040999999999999995
Riverside,0.037000000000000005
Riverside,0.035
Riverside,0.039
Riverside,0.04
Riverside,0.03
Riverside,0.035
Riverside,0.043
Riverside,0.04
Riverside,0.040999999999999995
Riverside,0.039
Riverside,0.05
Riverside,0.040999999999999995
Riverside,0.05
Riverside,0.044000000000000004
Riverside,0.05
Riverside,0.040999999999999995
Riverside,0.042
Riverside,0.043
Riverside,0.040999999999999995
Riverside,0.04
Riverside,0.033
Riverside,0.04
Riverside,0.044000000000000004
Riverside,0.040999999999999995
Riverside,0.04
Riverside,0.040999999999999995
Riverside,0.040999999999999995
Riverside,0.043
San Diego,0.038
San Diego,0.042
San Diego,0.043
San Diego,0.038
San Diego,0.037000000000000005
San Diego,0.043
San Diego,0.04
San Diego,0.040999999999999995
San Diego,0.04
San Diego,0.039
San Diego,0.039
San Diego,0.045
San Diego,0.040999999999999995
San Diego,0.04
San Diego,0.040999999999999995
San Diego,0.039
San Diego,0.035
San Diego,0.037000000000000005
San Diego,0.040999999999999995
San Diego,0.037000000000000005
San Diego,0.044000000000000004
San Diego,0.043
San Diego,0.040999999999999995
San Diego,0.071
San Diego,0.048
San Diego,0.048
San Diego,0.05
San Diego,0.048
San Diego,0.047
San Diego,0.043
San Diego,0.035
San Diego,0.039
San Diego,0.043
San Diego,0.044000000000000004
San Diego,0.042
San Diego,0.045
San Diego,0.043
San Diego,0.046
San Diego,0.048
San Diego,0.044000000000000004
San Diego,0.045
San Diego,0.05
San Diego,0.043
San Diego,0.043
San Diego,0.044000000000000004
San Diego,0.046
San Diego,0.046
San Diego,0.047
San Diego,0.046
San Diego,0.044000000000000004
San Diego,0.044000000000000004
San Diego,0.042
San Diego,0.044000000000000004
San Diego,0.051
San Diego,0.054000000000000006
San Diego,0.061
San Diego,0.049
San Diego,0.051
San Diego,0.039
San Diego,0.037000000000000005
San Diego,0.036000000000000004
San Diego,0.04
San Diego,0.036000000000000004
San Diego,0.043
San Diego,0.040999999999999995
San Diego,0.044000000000000004
San Diego,0.048
San Diego,0.044000000000000004
San Diego,0.046
San Diego,0.036000000000000004
San Diego,0.049
San Diego,0.053
San Diego,0.052000000000000005
San Diego,0.051
San Diego,0.054000000000000006
San Diego,0.066
San Diego,0.061
San Diego,0.057
San Diego,0.046
San Diego,0.049
San Diego,0.052000000000000005
San Diego,0.051
San Diego,0.047
San Diego,0.059000000000000004
San Diego,0.06
San Diego,0.055
San Diego,0.047
San Diego,0.055
San Diego,0.063
San Diego,0.071
San Diego,0.07200000000000001
San Diego,0.057999999999999996
San Diego,0.047
San Diego,0.044000000000000004
San Diego,0.06
San Diego,0.043
San Diego,0.064
San Diego,0.069
San Diego,0.047
San Diego,0.059000000000000004
San Diego,0.059000000000000004
San Diego,0.057
San Diego,0.063
San Diego,0.065
San Diego,0.059000000000000004
San Diego,0.049
San Diego,0.052000000000000005
San Diego,0.065
San Diego,0.066
San Diego,0.054000000000000006
San Diego,0.055
San Diego,0.061
San Diego,0.05
San Diego,0.071
San Diego,0.051
San Diego,0.053
San Diego,0.051
San Diego,0.048
San Diego,0.04
San Diego,0.045
San Diego,0.053
San Diego,0.059000000000000004
San Diego,0.066
San Diego,0.066
San Diego,0.057999999999999996
San Diego,0.046
San Diego,0.055999999999999994
San Diego,0.059000000000000004
San Diego,0.042
San Diego,0.055999999999999994
San Diego,0.038
San Diego,0.053
San Diego,0.052000000000000005
San Diego,0.06
San Diego,0.053
San Diego,0.049
San Diego,0.05
San Diego,0.057999999999999996
San Diego,0.047
San Diego,0.05
San Diego,0.044000000000000004
San Diego,0.048
San Diego,0.040999999999999995
San Diego,0.051
San Diego,0.048
San Diego,0.049
San Diego,0.045
San Diego,0.051
San Diego,0.055999999999999994
San Diego,0.057999999999999996
San Diego,0.053
San Diego,0.05
San Diego,0.05
San Diego,0.049
San Diego,0.053
San Diego,0.069
San Diego,0.057
San Diego,0.053
San Diego,0.059000000000000004
San Diego,0.06
San Diego,0.065
San Diego,0.07400000000000001
San Diego,0.071
San Diego,0.059000000000000004
San Diego,0.054000000000000006
San Diego,0.051
San Diego,0.05
San Diego,0.042
San Diego,0.05
San Diego,0.057999999999999996
San Diego,0.048
San Diego,0.046
San Diego,0.048
San Diego,0.06
San Diego,0.057999999999999996
San Diego,0.054000000000000006
San Diego,0.057999999999999996
San Diego,0.063
San Diego,0.07
San Diego,0.057999999999999996
San Diego,0.061
San Diego,0.065
San Diego,0.06
San Diego,0.052000000000000005
San Diego,0.055999999999999994
San Diego,0.06
San Diego,0.066
San Diego,0.05
San Diego,0.053
San Diego,0.059000000000000004
San Diego,0.06
San Diego,0.065
San Diego,0.07200000000000001
San Diego,0.076
San Diego,0.065
San Diego,0.079
San Diego,0.055
San Diego,0.053
San Diego,0.055
San Diego,0.049
San Diego,0.08900000000000001
San Diego,0.049
San Diego,0.061
San Diego,0.07
San Diego,0.07200000000000001
San Diego,0.063
San Diego,0.065
San Diego,0.07200000000000001
San Diego,0.065
San Diego,0.071
San Diego,0.068
San Diego,0.068
San Diego,0.066
San Diego,0.07400000000000001
San Diego,0.067
San Diego,0.068
San Diego,0.066
San Diego,0.09300000000000001
San Diego,0.065
San Diego,0.062
San Diego,0.063
San Diego,0.055
San Diego,0.048
San Diego,0.06
San Diego,0.075
San Diego,0.068
San Diego,0.071
San Diego,0.068
San Diego,0.061
San Diego,0.051
San Diego,0.055
San Diego,0.062
San Diego,0.073
San Diego,0.067
San Diego,0.068
San Diego,0.057999999999999996
San Diego,0.057999999999999996
San Diego,0.06
San Diego,0.064
San Diego,0.06
San Diego,0.061
San Diego,0.065
San Diego,0.055999999999999994
San Diego,0.064
San Diego,0.049
San Diego,0.051
San Diego,0.059000000000000004
San Diego,0.054000000000000006
San Diego,0.052000000000000005
San Diego,0.053
San Diego,0.048
San Diego,0.055
San Diego,0.042
San Diego,0.052000000000000005
San Diego,0.066
San Diego,0.066
San Diego,0.084
San Diego,0.065
San Diego,0.052000000000000005
San Diego,0.040999999999999995
San Diego,0.055999999999999994
San Diego,0.047
San Diego,0.059000000000000004
San Diego,0.063
San Diego,0.06
San Diego,0.053
San Diego,0.061
San Diego,0.057999999999999996
San Diego,0.03
San Diego,0.035
San Diego,0.039
San Diego,0.043
San Diego,0.045
San Diego,0.051
San Diego,0.066
San Diego,0.068
San Diego,0.064
San Diego,0.076
San Diego,0.076
San Diego,0.07
San Diego,0.065
San Diego,0.051
San Diego,0.055999999999999994
San Diego,0.052000000000000005
San Diego,0.059000000000000004
San Diego,0.055999999999999994
San Diego,0.053
San Diego,0.055999999999999994
San Diego,0.057999999999999996
San Diego,0.057
San Diego,0.054000000000000006
San Diego,0.063
San Diego,0.066
San Diego,0.054000000000000006
San Diego,0.063
San Diego,0.07200000000000001
San Diego,0.05
San Diego,0.051
San Diego,0.064
San Diego,0.052000000000000005
San Diego,0.046
San Diego,0.045
San Diego,0.045
San Diego,0.049
San Diego,0.051
San Diego,0.055999999999999994
San Diego,0.067
San Diego,0.07
San Diego,0.064
San Diego,0.063
San Diego,0.057
San Diego,0.05
San Diego,0.051
San Diego,0.063
San Diego,0.057999999999999996
San Diego,0.052000000000000005
San Diego,0.059000000000000004
San Diego,0.052000000000000005
San Diego,0.045
San Diego,0.05
San Diego,0.048
San Diego,0.049
San Diego,0.043
San Diego,0.042
San Diego,0.04
San Diego,0.046
San Diego,0.047
San Diego,0.051
San Diego,0.052000000000000005
San Diego,0.044000000000000004
San Diego,0.045
San Diego,0.045
San Diego,0.040999999999999995
San Diego,0.039
San Diego,0.040999999999999995
San Diego,0.033
San Diego,0.025
San Diego,0.036000000000000004
San Diego,0.039
San Diego,0.033
San Diego,0.019
San Diego,0.039
San Diego,0.039
San Diego,0.04
San Diego,0.038
San Diego,0.04
San Diego,0.047
San Diego,0.042
San Diego,0.045
San Diego,0.046
San Diego,0.048
San Diego,0.039
San Diego,0.045
San Diego,0.045
San Diego,0.042
San Diego,0.04
San Diego,0.039
San Diego,0.04
San Diego,0.042
San Diego,0.043
San Diego,0.038
San Diego,0.042
San Diego,0.042
San Diego,0.043
